<?xml version="1.0" encoding="UTF-8"?>
<monster name="badger" nameDescription="a badger" race="blood" experience="5" speed="30" manacost="200">
	<health now="23" max="23" />
	<look type="105" head="0" body="0" legs="0" feet="0" corpse="4224" />
	<targetchange interval="1000" chance="0" />
	<targetstrategy nearest="100" weakest="0" mostdamage="0" random="0" />
	<flags>
		<flag summonable="1" />
		<flag attackable="1" />
		<flag hostile="1" />
		<flag illusionable="1" />
		<flag convinceable="1" />
		<flag pushable="1" />
		<flag canpushitems="0" />
		<flag canpushcreatures="0" />
		<flag targetdistance="1" />
		<flag runonhealth="10" />
	</flags>
	<attacks attack="10" skill="17">
	</attacks>
	<defenses armor="1" defense="3">
	</defenses>
	<loot>
		<item id="3577" countmax="1" chance="400" /> <!-- meat -->
		<item id="3492" countmax="1" chance="100" /> <!-- a worm -->
	</loot>
</monster>