<?xml version="1.0" encoding="UTF-8"?>
<monster name="chicken" nameDescription="a chicken" race="blood" experience="0" speed="24" manacost="220">
	<health now="15" max="15" />
	<look type="111" head="0" body="0" legs="0" feet="0" corpse="4330" />
	<targetchange interval="1000" chance="0" />
	<targetstrategy nearest="100" weakest="0" mostdamage="0" random="0" />
	<flags>
		<flag summonable="1" />
		<flag attackable="1" />
		<flag hostile="0" />
		<flag illusionable="1" />
		<flag convinceable="1" />
		<flag pushable="1" />
		<flag canpushitems="0" />
		<flag canpushcreatures="0" />
		<flag targetdistance="1" />
		<flag runonhealth="15" />
	</flags>
	<attacks attack="0" skill="0">
	</attacks>
	<defenses armor="1" defense="2">
	</defenses>
	<voices>
		<voice sentence="Gokgoooook" />
		<voice sentence="Cluck Cluck" />
	</voices>
	<loot>
		<item id="3606" countmax="1" chance="10" /> <!-- an egg -->
		<item id="3577" countmax="2" chance="20" /> <!-- meat -->
		<item id="3492" countmax="3" chance="300" /> <!-- a worm -->
	</loot>
</monster>