<?xml version="1.0" encoding="UTF-8"?>
<monster name="deer" nameDescription="a deer" race="blood" experience="0" speed="58" manacost="260">
	<health now="25" max="25" />
	<look type="31" head="0" body="0" legs="0" feet="0" corpse="4016" />
	<targetchange interval="1000" chance="0" />
	<targetstrategy nearest="100" weakest="0" mostdamage="0" random="0" />
	<flags>
		<flag summonable="1" />
		<flag attackable="1" />
		<flag hostile="0" />
		<flag illusionable="1" />
		<flag convinceable="1" />
		<flag pushable="1" />
		<flag canpushitems="0" />
		<flag canpushcreatures="0" />
		<flag targetdistance="1" />
		<flag runonhealth="25" />
	</flags>
	<attacks attack="2" skill="10">
	</attacks>
	<defenses armor="2" defense="2">
	</defenses>
	<loot>
		<item id="3582" countmax="1" chance="450" /> <!-- ham -->
		<item id="3577" countmax="3" chance="800" /> <!-- meat -->
	</loot>
</monster>