<?xml version="1.0" encoding="UTF-8"?>
<monster name="lion" nameDescription="a lion" race="blood" experience="30" speed="55" manacost="320">
	<health now="80" max="80" />
	<look type="41" head="0" body="0" legs="0" feet="0" corpse="4070" />
	<targetchange interval="1000" chance="0" />
	<targetstrategy nearest="100" weakest="0" mostdamage="0" random="0" />
	<flags>
		<flag summonable="1" />
		<flag attackable="1" />
		<flag hostile="1" />
		<flag illusionable="1" />
		<flag convinceable="1" />
		<flag pushable="0" />
		<flag canpushitems="0" />
		<flag canpushcreatures="0" />
		<flag targetdistance="1" />
		<flag runonhealth="10" />
	</flags>
	<attacks attack="20" skill="32">
	</attacks>
	<defenses armor="6" defense="13">
	</defenses>
	<voices>
		<voice sentence="Groarrr!" />
	</voices>
	<loot>
		<item id="3582" countmax="2" chance="200" /> <!-- ham -->
		<item id="3577" countmax="3" chance="450" /> <!-- meat -->
	</loot>
</monster>