<?xml version="1.0" encoding="UTF-8"?>
<monster name="parrot" nameDescription="a parrot" race="blood" experience="0" speed="120" manacost="250">
	<health now="25" max="25" />
	<look type="217" head="0" body="0" legs="0" feet="0" corpse="4379" />
	<targetchange interval="1000" chance="10" />
	<targetstrategy nearest="100" weakest="0" mostdamage="0" random="0" />
	<flags>
		<flag summonable="1" />
		<flag attackable="1" />
		<flag hostile="0" />
		<flag illusionable="1" />
		<flag convinceable="1" />
		<flag pushable="1" />
		<flag canpushitems="0" />
		<flag canpushcreatures="0" />
		<flag targetdistance="1" />
		<flag runonhealth="25" />
	</flags>
	<attacks attack="6" skill="13">
	</attacks>
	<defenses armor="2" defense="6">
	</defenses>
	<voices>
		<voice sentence="BR? PL? SWE?" />
		<voice sentence="Screeeeeeech!" />
		<voice sentence="Neeeewbiiieee!" />
		<voice sentence="You advanshed, you advanshed!" />
		<voice sentence="Hope you die and loooosh it!" />
		<voice sentence="Hunterrr ish PK!" />
	</voices>
</monster>