<?xml version="1.0" encoding="UTF-8"?>
<monster name="poison spider" nameDescription="a poison spider" race="venom" experience="22" speed="40" manacost="270">
	<health now="26" max="26" />
	<look type="36" head="0" body="0" legs="0" feet="0" corpse="4029" />
	<targetchange interval="1000" chance="0" />
	<targetstrategy nearest="100" weakest="0" mostdamage="0" random="0" />
	<flags>
		<flag summonable="1" />
		<flag attackable="1" />
		<flag hostile="1" />
		<flag illusionable="1" />
		<flag convinceable="1" />
		<flag pushable="1" />
		<flag canpushitems="0" />
		<flag canpushcreatures="0" />
		<flag targetdistance="1" />
		<flag runonhealth="6" />
	</flags>
	<attacks attack="12" skill="25" poison="30">
	</attacks>
	<defenses armor="2" defense="6">
	</defenses>
	<immunities>
		<immunity poison="1" />
	</immunities>
	<loot>
		<item id="3031" countmax="4" chance="250" /> <!-- a gold coin -->
	</loot>
</monster>