<?xml version="1.0" encoding="UTF-8"?>
<monster name="skunk" nameDescription="a skunk" race="blood" experience="3" speed="28" manacost="200">
	<health now="20" max="20" />
	<look type="106" head="0" body="0" legs="0" feet="0" corpse="4227" />
	<targetchange interval="1000" chance="0" />
	<targetstrategy nearest="100" weakest="0" mostdamage="0" random="0" />
	<flags>
		<flag summonable="1" />
		<flag attackable="1" />
		<flag hostile="1" />
		<flag illusionable="1" />
		<flag convinceable="1" />
		<flag pushable="1" />
		<flag canpushitems="0" />
		<flag canpushcreatures="0" />
		<flag targetdistance="1" />
		<flag runonhealth="8" />
	</flags>
	<attacks attack="4" skill="15">
		<attack name="poison" min="-1" max="-3" range="1" radius="1" target="1" chance="60">
			<attribute key="areaEffect" value="poison" />
		</attack>
	</attacks>
	<defenses armor="1" defense="5">
	</defenses>
	<loot>
		<item id="3577" countmax="2" chance="10" /> <!-- meat -->
		<item id="3492" countmax="1" chance="50" /> <!-- a worm -->
	</loot>
</monster>