<?xml version="1.0" encoding="UTF-8"?>
<monster name="wolf" nameDescription="a wolf" race="blood" experience="18" speed="42" manacost="255">
	<health now="25" max="25" />
	<look type="27" head="0" body="0" legs="0" feet="0" corpse="4007" />
	<targetchange interval="1000" chance="0" />
	<targetstrategy nearest="100" weakest="0" mostdamage="0" random="0" />
	<flags>
		<flag summonable="1" />
		<flag attackable="1" />
		<flag hostile="1" />
		<flag illusionable="1" />
		<flag convinceable="1" />
		<flag pushable="1" />
		<flag canpushitems="0" />
		<flag canpushcreatures="0" />
		<flag targetdistance="1" />
		<flag runonhealth="8" />
	</flags>
	<attacks attack="12" skill="19">
	</attacks>
	<defenses armor="1" defense="4">
	</defenses>
	<loot>
		<item id="3577" countmax="2" chance="500" /> <!-- meat -->
		<item id="3492" countmax="1" chance="100" /> <!-- a worm -->
	</loot>
</monster>